[{"model": "admin.logentry", "pk": 1, "fields": {"action_time": "2021-10-16T10:58:27.867Z", "user": 1, "content_type": 7, "object_id": "1", "object_repr": "cbdshield.example.com", "action_flag": 2, "change_message": "[{\"changed\": {\"fields\": [\"Domain name\", \"Display name\"]}}]"}}, {"model": "admin.logentry", "pk": 2, "fields": {"action_time": "2021-10-16T11:18:56.260Z", "user": 1, "content_type": 8, "object_id": "2", "object_repr": "liammcluckie@cbdshield.co.uk", "action_flag": 1, "change_message": "[{\"added\": {}}]"}}, {"model": "admin.logentry", "pk": 3, "fields": {"action_time": "2021-10-31T12:12:55.668Z", "user": 1, "content_type": 14, "object_id": "3", "object_repr": "Emulsified CBD Hand Cream 1000mg, 75ml", "action_flag": 2, "change_message": "[{\"changed\": {\"fields\": [\"Image\"]}}]"}}, {"model": "admin.logentry", "pk": 4, "fields": {"action_time": "2021-10-31T12:13:29.588Z", "user": 1, "content_type": 14, "object_id": "4", "object_repr": "Eucalyptus CBD Lip Balm", "action_flag": 2, "change_message": "[{\"changed\": {\"fields\": [\"Image\"]}}]"}}, {"model": "admin.logentry", "pk": 5, "fields": {"action_time": "2021-10-31T12:15:42.962Z", "user": 1, "content_type": 14, "object_id": "17", "object_repr": "Coconut Body Butter, 50g", "action_flag": 2, "change_message": "[{\"changed\": {\"fields\": [\"Image\"]}}]"}}, {"model": "admin.logentry", "pk": 6, "fields": {"action_time": "2021-10-31T12:15:55.145Z", "user": 1, "content_type": 14, "object_id": "18", "object_repr": "50mg CBD Night Cream, 50ml", "action_flag": 2, "change_message": "[{\"changed\": {\"fields\": [\"Image\"]}}]"}}, {"model": "admin.logentry", "pk": 7, "fields": {"action_time": "2021-10-31T12:16:15.184Z", "user": 1, "content_type": 14, "object_id": "19", "object_repr": "50mg CBD Rejuvenate Anti-Aging Cream", "action_flag": 2, "change_message": "[{\"changed\": {\"fields\": [\"Image\"]}}]"}}, {"model": "admin.logentry", "pk": 8, "fields": {"action_time": "2021-10-31T12:16:26.680Z", "user": 1, "content_type": 14, "object_id": "20", "object_repr": "15mg CBD Biodegradable Face Masks x 4", "action_flag": 2, "change_message": "[{\"changed\": {\"fields\": [\"Image\"]}}]"}}, {"model": "admin.logentry", "pk": 9, "fields": {"action_time": "2021-10-31T12:16:37.915Z", "user": 1, "content_type": 14, "object_id": "1", "object_repr": "1000mg CBD Wellness Oil Tincture 30ml", "action_flag": 2, "change_message": "[{\"changed\": {\"fields\": [\"Image\"]}}]"}}, {"model": "admin.logentry", "pk": 10, "fields": {"action_time": "2021-10-31T12:16:47.562Z", "user": 1, "content_type": 14, "object_id": "2", "object_repr": "25mg CBD Immunity Booster 60ml", "action_flag": 2, "change_message": "[{\"changed\": {\"fields\": [\"Image\"]}}]"}}, {"model": "admin.logentry", "pk": 11, "fields": {"action_time": "2021-10-31T12:17:03.508Z", "user": 1, "content_type": 14, "object_id": "13", "object_repr": "Gut Instinct 10% CBD Sublingual Oil, 10ml", "action_flag": 2, "change_message": "[{\"changed\": {\"fields\": [\"Image\"]}}]"}}, {"model": "admin.logentry", "pk": 12, "fields": {"action_time": "2021-10-31T12:17:16.610Z", "user": 1, "content_type": 14, "object_id": "14", "object_repr": "Morning Capsules 900mg CBd, 60 capsules", "action_flag": 2, "change_message": "[{\"changed\": {\"fields\": [\"Image\"]}}]"}}, {"model": "admin.logentry", "pk": 13, "fields": {"action_time": "2021-10-31T12:17:31.947Z", "user": 1, "content_type": 14, "object_id": "15", "object_repr": "300mg CBD Vegan Immune Booster Gummies", "action_flag": 2, "change_message": "[{\"changed\": {\"fields\": [\"Image\"]}}]"}}, {"model": "admin.logentry", "pk": 14, "fields": {"action_time": "2021-10-31T12:17:44.308Z", "user": 1, "content_type": 14, "object_id": "16", "object_repr": "Honey 1000mg CBD Detox Organic Herbal Spray, 10ml", "action_flag": 2, "change_message": "[{\"changed\": {\"fields\": [\"Image\"]}}]"}}, {"model": "admin.logentry", "pk": 15, "fields": {"action_time": "2021-10-31T12:18:18.554Z", "user": 1, "content_type": 14, "object_id": "6", "object_repr": "850mg CBD Pain Cream, 95g", "action_flag": 2, "change_message": "[{\"changed\": {\"fields\": [\"Image\"]}}]"}}, {"model": "admin.logentry", "pk": 16, "fields": {"action_time": "2021-10-31T12:18:29.035Z", "user": 1, "content_type": 14, "object_id": "21", "object_repr": "Joint Rollerball Massage Oil, 15ml", "action_flag": 2, "change_message": "[{\"changed\": {\"fields\": [\"Image\"]}}]"}}, {"model": "admin.logentry", "pk": 17, "fields": {"action_time": "2021-10-31T12:19:10.164Z", "user": 1, "content_type": 14, "object_id": "23", "object_repr": "1000mg CBD Raw Cannabis Oil Drops, 10ml", "action_flag": 2, "change_message": "[{\"changed\": {\"fields\": [\"Image\"]}}]"}}, {"model": "admin.logentry", "pk": 18, "fields": {"action_time": "2021-10-31T12:19:33.702Z", "user": 1, "content_type": 14, "object_id": "24", "object_repr": "250mg CBD Muscle & Joint Balm", "action_flag": 2, "change_message": "[{\"changed\": {\"fields\": [\"Image\"]}}]"}}, {"model": "admin.logentry", "pk": 19, "fields": {"action_time": "2021-10-31T12:19:45.401Z", "user": 1, "content_type": 14, "object_id": "7", "object_repr": "CBD Bath Bomb", "action_flag": 2, "change_message": "[{\"changed\": {\"fields\": [\"Image\"]}}]"}}, {"model": "admin.logentry", "pk": 20, "fields": {"action_time": "2021-10-31T12:20:37.422Z", "user": 1, "content_type": 14, "object_id": "8", "object_repr": "Calm 300mg CBD Oil Drop, 30ml", "action_flag": 2, "change_message": "[{\"changed\": {\"fields\": [\"Image\"]}}]"}}, {"model": "admin.logentry", "pk": 21, "fields": {"action_time": "2021-10-31T12:21:00.535Z", "user": 1, "content_type": 14, "object_id": "25", "object_repr": "Sleep CBD Oil - Night Time Tincture", "action_flag": 2, "change_message": "[{\"changed\": {\"fields\": [\"Image\"]}}]"}}, {"model": "admin.logentry", "pk": 22, "fields": {"action_time": "2021-10-31T12:21:15.673Z", "user": 1, "content_type": 14, "object_id": "26", "object_repr": "100mg CBD Sleep Bath Salts, 500g", "action_flag": 2, "change_message": "[{\"changed\": {\"fields\": [\"Image\"]}}]"}}, {"model": "admin.logentry", "pk": 23, "fields": {"action_time": "2021-10-31T12:21:35.420Z", "user": 1, "content_type": 14, "object_id": "27", "object_repr": "Coconut Oil Candle, 300g", "action_flag": 2, "change_message": "[{\"changed\": {\"fields\": [\"Image\"]}}]"}}, {"model": "admin.logentry", "pk": 24, "fields": {"action_time": "2021-10-31T12:21:50.318Z", "user": 1, "content_type": 14, "object_id": "9", "object_repr": "Skin Patches, 15mg x 10 Patches", "action_flag": 2, "change_message": "[{\"changed\": {\"fields\": [\"Image\"]}}]"}}, {"model": "admin.logentry", "pk": 25, "fields": {"action_time": "2021-10-31T12:22:03.339Z", "user": 1, "content_type": 14, "object_id": "10", "object_repr": "Turmeric 25mg CBD Soft Shells, 1500mg", "action_flag": 2, "change_message": "[{\"changed\": {\"fields\": [\"Image\"]}}]"}}, {"model": "admin.logentry", "pk": 26, "fields": {"action_time": "2021-10-31T12:22:18.639Z", "user": 1, "content_type": 14, "object_id": "28", "object_repr": "2000mg CBD Muscle Rub Balm, 100ml", "action_flag": 2, "change_message": "[{\"changed\": {\"fields\": [\"Image\"]}}]"}}, {"model": "admin.logentry", "pk": 27, "fields": {"action_time": "2021-10-31T12:22:56.313Z", "user": 1, "content_type": 14, "object_id": "29", "object_repr": "1500mg CBD Pro Gummies", "action_flag": 2, "change_message": "[{\"changed\": {\"fields\": [\"Image\"]}}]"}}, {"model": "admin.logentry", "pk": 28, "fields": {"action_time": "2021-10-31T12:23:11.169Z", "user": 1, "content_type": 14, "object_id": "30", "object_repr": "12mg CBD Pre-Workout Energy Shakes x 12", "action_flag": 2, "change_message": "[{\"changed\": {\"fields\": [\"Image\"]}}]"}}, {"model": "admin.logentry", "pk": 29, "fields": {"action_time": "2021-10-31T12:23:37.439Z", "user": 1, "content_type": 14, "object_id": "11", "object_repr": "Tranquil CBD 250mg Tea, 75g", "action_flag": 2, "change_message": "[{\"changed\": {\"fields\": [\"Image\"]}}]"}}, {"model": "admin.logentry", "pk": 30, "fields": {"action_time": "2021-10-31T12:23:51.966Z", "user": 1, "content_type": 14, "object_id": "12", "object_repr": "100mg CBD Infused Ground Coffee, Coarse Grind, 200g", "action_flag": 2, "change_message": "[{\"changed\": {\"fields\": [\"Image\"]}}]"}}, {"model": "admin.logentry", "pk": 31, "fields": {"action_time": "2021-10-31T12:24:04.764Z", "user": 1, "content_type": 14, "object_id": "32", "object_repr": "560mg CBD Herbal Loose Leaf Tea", "action_flag": 2, "change_message": "[{\"changed\": {\"fields\": [\"Image\"]}}]"}}, {"model": "admin.logentry", "pk": 32, "fields": {"action_time": "2021-10-31T12:24:17.067Z", "user": 1, "content_type": 14, "object_id": "33", "object_repr": "CBD Coffee Syrup - Hazelnut", "action_flag": 2, "change_message": "[{\"changed\": {\"fields\": [\"Image\"]}}]"}}, {"model": "admin.logentry", "pk": 33, "fields": {"action_time": "2021-10-31T12:24:27.840Z", "user": 1, "content_type": 14, "object_id": "35", "object_repr": "10mg CBD Lemon & Ginger Slim Tea Pyramid Bags", "action_flag": 2, "change_message": "[{\"changed\": {\"fields\": [\"Image\"]}}]"}}, {"model": "admin.logentry", "pk": 34, "fields": {"action_time": "2021-10-31T12:28:49.978Z", "user": 1, "content_type": 14, "object_id": "36", "object_repr": "50mg CBD Bubble Bath Lotion, 250ml", "action_flag": 1, "change_message": "[{\"added\": {}}]"}}, {"model": "admin.logentry", "pk": 35, "fields": {"action_time": "2021-11-10T18:55:41.264Z", "user": 1, "content_type": 15, "object_id": "2", "object_repr": "3DC31284B1EF4EB884C15A8FCDDF1D35", "action_flag": 3, "change_message": ""}}, {"model": "admin.logentry", "pk": 36, "fields": {"action_time": "2021-11-10T18:55:41.289Z", "user": 1, "content_type": 15, "object_id": "1", "object_repr": "9038107C397F4238B715CE6765243407", "action_flag": 3, "change_message": ""}}, {"model": "admin.logentry", "pk": 37, "fields": {"action_time": "2021-11-10T19:04:19.159Z", "user": 1, "content_type": 15, "object_id": "3", "object_repr": "265821BEFF5C43F290E64D5E938EDDFE", "action_flag": 2, "change_message": "[{\"changed\": {\"name\": \"order line item\", \"object\": \"SKU h00001 on order 265821BEFF5C43F290E64D5E938EDDFE\", \"fields\": [\"Quantity\"]}}]"}}, {"model": "admin.logentry", "pk": 38, "fields": {"action_time": "2021-11-13T13:13:21.193Z", "user": 1, "content_type": 15, "object_id": "32", "object_repr": "D7BBA5F0BF30433FB67224C86537FE4D", "action_flag": 3, "change_message": ""}}, {"model": "admin.logentry", "pk": 39, "fields": {"action_time": "2021-11-13T13:13:21.221Z", "user": 1, "content_type": 15, "object_id": "31", "object_repr": "31FEE07D5054433A9C98A17D38FDAA3E", "action_flag": 3, "change_message": ""}}, {"model": "admin.logentry", "pk": 40, "fields": {"action_time": "2021-11-13T13:13:21.245Z", "user": 1, "content_type": 15, "object_id": "30", "object_repr": "769DB847450B43DE94D904BBEB223D64", "action_flag": 3, "change_message": ""}}, {"model": "admin.logentry", "pk": 41, "fields": {"action_time": "2021-11-13T13:13:21.268Z", "user": 1, "content_type": 15, "object_id": "29", "object_repr": "2D67FA28FDDC438897CAF1FD135DD1CC", "action_flag": 3, "change_message": ""}}, {"model": "admin.logentry", "pk": 42, "fields": {"action_time": "2021-11-13T13:13:21.291Z", "user": 1, "content_type": 15, "object_id": "28", "object_repr": "C21F0396ACB848F08BF149D75346E850", "action_flag": 3, "change_message": ""}}, {"model": "admin.logentry", "pk": 43, "fields": {"action_time": "2021-11-13T13:13:21.314Z", "user": 1, "content_type": 15, "object_id": "27", "object_repr": "66C4C676DF9C4B12A1DC7BCD24E3532B", "action_flag": 3, "change_message": ""}}, {"model": "admin.logentry", "pk": 44, "fields": {"action_time": "2021-11-13T13:13:21.337Z", "user": 1, "content_type": 15, "object_id": "26", "object_repr": "DFCEA00DB67941B4A07A9AB8CD4CF810", "action_flag": 3, "change_message": ""}}, {"model": "admin.logentry", "pk": 45, "fields": {"action_time": "2021-11-13T13:13:21.358Z", "user": 1, "content_type": 15, "object_id": "25", "object_repr": "89CBAEF9440B43C18AC8C370C1AB371D", "action_flag": 3, "change_message": ""}}, {"model": "admin.logentry", "pk": 46, "fields": {"action_time": "2021-11-13T13:13:21.380Z", "user": 1, "content_type": 15, "object_id": "24", "object_repr": "738AFB8FDA5D4F4780B46F0A9AFEE03B", "action_flag": 3, "change_message": ""}}, {"model": "admin.logentry", "pk": 47, "fields": {"action_time": "2021-11-13T13:13:21.401Z", "user": 1, "content_type": 15, "object_id": "23", "object_repr": "ABF39981A4C14EDCA4DDE083CFB63CE7", "action_flag": 3, "change_message": ""}}, {"model": "admin.logentry", "pk": 48, "fields": {"action_time": "2021-11-13T13:13:21.423Z", "user": 1, "content_type": 15, "object_id": "22", "object_repr": "65E1619006804BF18ABEF83485F5A742", "action_flag": 3, "change_message": ""}}, {"model": "admin.logentry", "pk": 49, "fields": {"action_time": "2021-11-13T13:13:21.444Z", "user": 1, "content_type": 15, "object_id": "21", "object_repr": "B912A784CCCF48519EF3293A2A7131BD", "action_flag": 3, "change_message": ""}}, {"model": "admin.logentry", "pk": 50, "fields": {"action_time": "2021-11-13T13:13:21.467Z", "user": 1, "content_type": 15, "object_id": "20", "object_repr": "C6AD2172CD6E41DBA74F66CDE609F89C", "action_flag": 3, "change_message": ""}}, {"model": "admin.logentry", "pk": 51, "fields": {"action_time": "2021-11-13T13:13:21.491Z", "user": 1, "content_type": 15, "object_id": "19", "object_repr": "B1D46C9F9D9B415898EB16891120E5BB", "action_flag": 3, "change_message": ""}}, {"model": "admin.logentry", "pk": 52, "fields": {"action_time": "2021-11-13T13:13:21.512Z", "user": 1, "content_type": 15, "object_id": "18", "object_repr": "A7D7B0C76FB04BA398DF439628BE0541", "action_flag": 3, "change_message": ""}}, {"model": "admin.logentry", "pk": 53, "fields": {"action_time": "2021-11-13T13:13:21.534Z", "user": 1, "content_type": 15, "object_id": "17", "object_repr": "8B67CE0C5DCA4B3F99518664AE8D202F", "action_flag": 3, "change_message": ""}}, {"model": "admin.logentry", "pk": 54, "fields": {"action_time": "2021-11-13T13:13:21.557Z", "user": 1, "content_type": 15, "object_id": "16", "object_repr": "9A86FFF51084415F92D24694DB8125BE", "action_flag": 3, "change_message": ""}}, {"model": "admin.logentry", "pk": 55, "fields": {"action_time": "2021-11-13T13:13:21.581Z", "user": 1, "content_type": 15, "object_id": "15", "object_repr": "F973A7B3FFC54834B537DBB7163FA3CF", "action_flag": 3, "change_message": ""}}, {"model": "admin.logentry", "pk": 56, "fields": {"action_time": "2021-11-13T13:13:21.604Z", "user": 1, "content_type": 15, "object_id": "14", "object_repr": "C5CD4239E5C744AFA46B9DD057CDC467", "action_flag": 3, "change_message": ""}}, {"model": "admin.logentry", "pk": 57, "fields": {"action_time": "2021-11-13T13:13:21.628Z", "user": 1, "content_type": 15, "object_id": "13", "object_repr": "8B0A537E79AD49838B6A4EA82A6A6DA3", "action_flag": 3, "change_message": ""}}, {"model": "admin.logentry", "pk": 58, "fields": {"action_time": "2021-11-13T13:13:21.650Z", "user": 1, "content_type": 15, "object_id": "12", "object_repr": "6C35E74C903B4F6791B610B12F5C5F07", "action_flag": 3, "change_message": ""}}, {"model": "admin.logentry", "pk": 59, "fields": {"action_time": "2021-11-13T13:13:21.677Z", "user": 1, "content_type": 15, "object_id": "11", "object_repr": "BAD3A0D6829744B19F7DD0FD78DCF450", "action_flag": 3, "change_message": ""}}, {"model": "admin.logentry", "pk": 60, "fields": {"action_time": "2021-11-13T13:13:21.702Z", "user": 1, "content_type": 15, "object_id": "10", "object_repr": "B0FF760F28CD4646BD78E24C5B687D39", "action_flag": 3, "change_message": ""}}, {"model": "admin.logentry", "pk": 61, "fields": {"action_time": "2021-11-13T13:13:21.730Z", "user": 1, "content_type": 15, "object_id": "9", "object_repr": "A7A211C164F24450986D80600AD7A5A6", "action_flag": 3, "change_message": ""}}, {"model": "admin.logentry", "pk": 62, "fields": {"action_time": "2021-11-13T13:13:21.752Z", "user": 1, "content_type": 15, "object_id": "8", "object_repr": "97ECB420D0CF44EFB81407028D88431E", "action_flag": 3, "change_message": ""}}, {"model": "admin.logentry", "pk": 63, "fields": {"action_time": "2021-11-13T13:13:21.774Z", "user": 1, "content_type": 15, "object_id": "7", "object_repr": "0DC7D039160D4AD8BE5908E9C38A938C", "action_flag": 3, "change_message": ""}}, {"model": "admin.logentry", "pk": 64, "fields": {"action_time": "2021-11-13T13:13:21.796Z", "user": 1, "content_type": 15, "object_id": "6", "object_repr": "0E798E59BF5B406081D092D33B5615E6", "action_flag": 3, "change_message": ""}}, {"model": "admin.logentry", "pk": 65, "fields": {"action_time": "2021-11-13T13:13:21.819Z", "user": 1, "content_type": 15, "object_id": "5", "object_repr": "E3D4183D80E54A189C605D424CA463BC", "action_flag": 3, "change_message": ""}}, {"model": "admin.logentry", "pk": 66, "fields": {"action_time": "2021-11-13T13:13:21.840Z", "user": 1, "content_type": 15, "object_id": "4", "object_repr": "206054C1D627463BA389ECC639DB088F", "action_flag": 3, "change_message": ""}}, {"model": "admin.logentry", "pk": 67, "fields": {"action_time": "2021-11-13T13:13:21.863Z", "user": 1, "content_type": 15, "object_id": "3", "object_repr": "265821BEFF5C43F290E64D5E938EDDFE", "action_flag": 3, "change_message": ""}}, {"model": "admin.logentry", "pk": 68, "fields": {"action_time": "2021-11-13T13:58:30.456Z", "user": 1, "content_type": 15, "object_id": "40", "object_repr": "084379BF3C73469C9E7C69C036467A5C", "action_flag": 3, "change_message": ""}}, {"model": "admin.logentry", "pk": 69, "fields": {"action_time": "2021-11-13T13:58:30.485Z", "user": 1, "content_type": 15, "object_id": "39", "object_repr": "1A68939B00F9444DB1D7FF6C24333E78", "action_flag": 3, "change_message": ""}}, {"model": "admin.logentry", "pk": 70, "fields": {"action_time": "2021-11-13T13:58:30.511Z", "user": 1, "content_type": 15, "object_id": "38", "object_repr": "56C9044AD9CE481282927047B9F1183C", "action_flag": 3, "change_message": ""}}, {"model": "admin.logentry", "pk": 71, "fields": {"action_time": "2021-11-13T13:58:30.535Z", "user": 1, "content_type": 15, "object_id": "37", "object_repr": "C7C63389F5224357BCF0997CF2FE2E9C", "action_flag": 3, "change_message": ""}}, {"model": "admin.logentry", "pk": 72, "fields": {"action_time": "2021-11-13T13:58:30.557Z", "user": 1, "content_type": 15, "object_id": "36", "object_repr": "A571181CF3B4413BB7FF7052538DF970", "action_flag": 3, "change_message": ""}}, {"model": "admin.logentry", "pk": 73, "fields": {"action_time": "2021-11-13T13:58:30.579Z", "user": 1, "content_type": 15, "object_id": "35", "object_repr": "2E51A9FE9851445E8B40698A0F537A7C", "action_flag": 3, "change_message": ""}}, {"model": "admin.logentry", "pk": 74, "fields": {"action_time": "2021-11-13T13:58:30.601Z", "user": 1, "content_type": 15, "object_id": "34", "object_repr": "6EAE0DD9410644ED8F59D417AF93071B", "action_flag": 3, "change_message": ""}}, {"model": "admin.logentry", "pk": 75, "fields": {"action_time": "2021-11-13T13:58:30.622Z", "user": 1, "content_type": 15, "object_id": "33", "object_repr": "B69AA159CA9549F4B316346819789307", "action_flag": 3, "change_message": ""}}, {"model": "admin.logentry", "pk": 76, "fields": {"action_time": "2021-11-19T12:43:12.718Z", "user": 1, "content_type": 14, "object_id": "37", "object_repr": "Test", "action_flag": 3, "change_message": ""}}, {"model": "admin.logentry", "pk": 77, "fields": {"action_time": "2021-11-19T12:43:12.748Z", "user": 1, "content_type": 14, "object_id": "38", "object_repr": "Testing", "action_flag": 3, "change_message": ""}}, {"model": "admin.logentry", "pk": 78, "fields": {"action_time": "2021-11-20T16:27:25.756Z", "user": 1, "content_type": 18, "object_id": "5", "object_repr": "ProductReview object (5)", "action_flag": 3, "change_message": ""}}, {"model": "admin.logentry", "pk": 79, "fields": {"action_time": "2021-11-20T16:27:25.788Z", "user": 1, "content_type": 18, "object_id": "4", "object_repr": "ProductReview object (4)", "action_flag": 3, "change_message": ""}}, {"model": "admin.logentry", "pk": 80, "fields": {"action_time": "2021-11-20T16:27:25.830Z", "user": 1, "content_type": 18, "object_id": "3", "object_repr": "ProductReview object (3)", "action_flag": 3, "change_message": ""}}, {"model": "admin.logentry", "pk": 81, "fields": {"action_time": "2021-11-20T16:27:25.873Z", "user": 1, "content_type": 18, "object_id": "2", "object_repr": "ProductReview object (2)", "action_flag": 3, "change_message": ""}}, {"model": "admin.logentry", "pk": 82, "fields": {"action_time": "2021-11-20T16:27:25.909Z", "user": 1, "content_type": 18, "object_id": "1", "object_repr": "ProductReview object (1)", "action_flag": 3, "change_message": ""}}, {"model": "admin.logentry", "pk": 83, "fields": {"action_time": "2021-11-20T18:43:14.115Z", "user": 1, "content_type": 18, "object_id": "9", "object_repr": "ProductReview object (9)", "action_flag": 3, "change_message": ""}}, {"model": "admin.logentry", "pk": 84, "fields": {"action_time": "2021-11-20T18:43:14.164Z", "user": 1, "content_type": 18, "object_id": "8", "object_repr": "ProductReview object (8)", "action_flag": 3, "change_message": ""}}, {"model": "admin.logentry", "pk": 85, "fields": {"action_time": "2021-11-20T18:43:14.210Z", "user": 1, "content_type": 18, "object_id": "7", "object_repr": "ProductReview object (7)", "action_flag": 3, "change_message": ""}}, {"model": "admin.logentry", "pk": 86, "fields": {"action_time": "2021-11-20T18:43:14.254Z", "user": 1, "content_type": 18, "object_id": "6", "object_repr": "ProductReview object (6)", "action_flag": 3, "change_message": ""}}, {"model": "admin.logentry", "pk": 87, "fields": {"action_time": "2021-11-20T18:43:23.088Z", "user": 1, "content_type": 18, "object_id": "12", "object_repr": "ProductReview object (12)", "action_flag": 3, "change_message": ""}}, {"model": "admin.logentry", "pk": 88, "fields": {"action_time": "2021-11-20T18:43:23.143Z", "user": 1, "content_type": 18, "object_id": "11", "object_repr": "ProductReview object (11)", "action_flag": 3, "change_message": ""}}, {"model": "admin.logentry", "pk": 89, "fields": {"action_time": "2021-11-20T18:43:23.186Z", "user": 1, "content_type": 18, "object_id": "10", "object_repr": "ProductReview object (10)", "action_flag": 3, "change_message": ""}}, {"model": "admin.logentry", "pk": 90, "fields": {"action_time": "2021-11-21T13:30:13.493Z", "user": 1, "content_type": 18, "object_id": "14", "object_repr": "ProductReview object (14)", "action_flag": 3, "change_message": ""}}, {"model": "admin.logentry", "pk": 91, "fields": {"action_time": "2021-11-21T13:30:13.523Z", "user": 1, "content_type": 18, "object_id": "13", "object_repr": "ProductReview object (13)", "action_flag": 3, "change_message": ""}}, {"model": "admin.logentry", "pk": 92, "fields": {"action_time": "2021-11-21T15:13:10.626Z", "user": 1, "content_type": 18, "object_id": "16", "object_repr": "ProductReview object (16)", "action_flag": 1, "change_message": "[{\"added\": {}}]"}}, {"model": "admin.logentry", "pk": 93, "fields": {"action_time": "2021-11-21T15:27:35.657Z", "user": 1, "content_type": 19, "object_id": "1", "object_repr": "Test", "action_flag": 1, "change_message": "[{\"added\": {}}]"}}, {"model": "admin.logentry", "pk": 94, "fields": {"action_time": "2021-11-21T16:03:06.488Z", "user": 1, "content_type": 19, "object_id": "2", "object_repr": "test 2", "action_flag": 1, "change_message": "[{\"added\": {}}]"}}, {"model": "admin.logentry", "pk": 95, "fields": {"action_time": "2021-11-21T16:06:54.534Z", "user": 1, "content_type": 19, "object_id": "3", "object_repr": "draft", "action_flag": 1, "change_message": "[{\"added\": {}}]"}}, {"model": "admin.logentry", "pk": 96, "fields": {"action_time": "2021-11-21T16:18:50.798Z", "user": 1, "content_type": 19, "object_id": "3", "object_repr": "draft", "action_flag": 3, "change_message": ""}}, {"model": "admin.logentry", "pk": 97, "fields": {"action_time": "2021-11-21T16:19:03.024Z", "user": 1, "content_type": 19, "object_id": "4", "object_repr": "sdwdwdw", "action_flag": 1, "change_message": "[{\"added\": {}}]"}}, {"model": "admin.logentry", "pk": 98, "fields": {"action_time": "2021-11-21T16:44:11.295Z", "user": 1, "content_type": 19, "object_id": "2", "object_repr": "test 2", "action_flag": 3, "change_message": ""}}, {"model": "admin.logentry", "pk": 99, "fields": {"action_time": "2021-11-21T16:44:11.355Z", "user": 1, "content_type": 19, "object_id": "1", "object_repr": "Test", "action_flag": 3, "change_message": ""}}, {"model": "admin.logentry", "pk": 100, "fields": {"action_time": "2021-11-21T16:44:11.401Z", "user": 1, "content_type": 19, "object_id": "4", "object_repr": "sdwdwdw", "action_flag": 3, "change_message": ""}}, {"model": "admin.logentry", "pk": 101, "fields": {"action_time": "2021-11-21T16:54:19.552Z", "user": 1, "content_type": 19, "object_id": "5", "object_repr": "CBD, How Helpful Is It For Improving Sleep And/Or Anxiety?", "action_flag": 1, "change_message": "[{\"added\": {}}]"}}, {"model": "admin.logentry", "pk": 102, "fields": {"action_time": "2021-11-21T18:13:41.536Z", "user": 1, "content_type": 19, "object_id": "5", "object_repr": "CBD, How Helpful Is It For Improving Sleep And/Or Anxiety?", "action_flag": 2, "change_message": "[{\"changed\": {\"fields\": [\"Text\"]}}]"}}, {"model": "admin.logentry", "pk": 103, "fields": {"action_time": "2021-11-21T18:15:24.551Z", "user": 1, "content_type": 19, "object_id": "5", "object_repr": "CBD, How Helpful Is It For Improving Sleep And/Or Anxiety?", "action_flag": 2, "change_message": "[{\"changed\": {\"fields\": [\"Text\"]}}]"}}, {"model": "admin.logentry", "pk": 104, "fields": {"action_time": "2021-11-21T18:24:33.790Z", "user": 1, "content_type": 19, "object_id": "5", "object_repr": "CBD, How Helpful Is It For Improving Sleep And/Or Anxiety?", "action_flag": 2, "change_message": "[{\"changed\": {\"fields\": [\"Text\"]}}]"}}, {"model": "admin.logentry", "pk": 105, "fields": {"action_time": "2021-11-21T19:04:47.068Z", "user": 1, "content_type": 19, "object_id": "6", "object_repr": "7 Benefits And Uses Of CBD Oil (Plus Side Effects)", "action_flag": 1, "change_message": "[{\"added\": {}}]"}}, {"model": "admin.logentry", "pk": 106, "fields": {"action_time": "2021-11-21T19:12:38.294Z", "user": 1, "content_type": 19, "object_id": "7", "object_repr": "CBD For Arthritis Pain: What You Should Know", "action_flag": 1, "change_message": "[{\"added\": {}}]"}}, {"model": "admin.logentry", "pk": 107, "fields": {"action_time": "2021-11-22T19:07:31.755Z", "user": 1, "content_type": 20, "object_id": "1", "object_repr": "What is CBD?", "action_flag": 1, "change_message": "[{\"added\": {}}]"}}, {"model": "admin.logentry", "pk": 108, "fields": {"action_time": "2021-11-22T19:09:06.661Z", "user": 1, "content_type": 20, "object_id": "2", "object_repr": "What is it used for and does it work?", "action_flag": 1, "change_message": "[{\"added\": {}}]"}}, {"model": "admin.logentry", "pk": 109, "fields": {"action_time": "2021-11-22T19:09:39.349Z", "user": 1, "content_type": 20, "object_id": "3", "object_repr": "Do CBD Shield products contain THC?", "action_flag": 1, "change_message": "[{\"added\": {}}]"}}, {"model": "admin.logentry", "pk": 110, "fields": {"action_time": "2021-11-22T19:10:03.829Z", "user": 1, "content_type": 20, "object_id": "4", "object_repr": "Which strength of CBD should I start with?", "action_flag": 1, "change_message": "[{\"added\": {}}]"}}, {"model": "admin.logentry", "pk": 111, "fields": {"action_time": "2021-11-22T19:10:30.537Z", "user": 1, "content_type": 20, "object_id": "5", "object_repr": "Where does your CBD come from?", "action_flag": 1, "change_message": "[{\"added\": {}}]"}}, {"model": "admin.logentry", "pk": 112, "fields": {"action_time": "2021-11-22T19:10:56.552Z", "user": 1, "content_type": 20, "object_id": "6", "object_repr": "Is it legal?", "action_flag": 1, "change_message": "[{\"added\": {}}]"}}, {"model": "admin.logentry", "pk": 113, "fields": {"action_time": "2021-11-22T19:21:23.272Z", "user": 1, "content_type": 20, "object_id": "1", "object_repr": "What is CBD?", "action_flag": 2, "change_message": "[{\"changed\": {\"fields\": [\"Item id number\"]}}]"}}, {"model": "admin.logentry", "pk": 114, "fields": {"action_time": "2021-11-22T19:21:41.790Z", "user": 1, "content_type": 20, "object_id": "2", "object_repr": "What is it used for and does it work?", "action_flag": 2, "change_message": "[{\"changed\": {\"fields\": [\"Item id number\"]}}]"}}, {"model": "admin.logentry", "pk": 115, "fields": {"action_time": "2021-11-22T19:21:50.701Z", "user": 1, "content_type": 20, "object_id": "3", "object_repr": "Do CBD Shield products contain THC?", "action_flag": 2, "change_message": "[{\"changed\": {\"fields\": [\"Item id number\"]}}]"}}, {"model": "admin.logentry", "pk": 116, "fields": {"action_time": "2021-11-22T19:21:59.083Z", "user": 1, "content_type": 20, "object_id": "4", "object_repr": "Which strength of CBD should I start with?", "action_flag": 2, "change_message": "[{\"changed\": {\"fields\": [\"Item id number\"]}}]"}}, {"model": "admin.logentry", "pk": 117, "fields": {"action_time": "2021-11-22T19:22:07.315Z", "user": 1, "content_type": 20, "object_id": "4", "object_repr": "Which strength of CBD should I start with?", "action_flag": 2, "change_message": "[]"}}, {"model": "admin.logentry", "pk": 118, "fields": {"action_time": "2021-11-22T19:22:19.584Z", "user": 1, "content_type": 20, "object_id": "5", "object_repr": "Where does your CBD come from?", "action_flag": 2, "change_message": "[{\"changed\": {\"fields\": [\"Item id number\"]}}]"}}, {"model": "admin.logentry", "pk": 119, "fields": {"action_time": "2021-11-22T19:22:26.112Z", "user": 1, "content_type": 20, "object_id": "6", "object_repr": "Is it legal?", "action_flag": 2, "change_message": "[{\"changed\": {\"fields\": [\"Item id number\"]}}]"}}, {"model": "admin.logentry", "pk": 120, "fields": {"action_time": "2021-11-24T18:21:27.755Z", "user": 1, "content_type": 21, "object_id": "5", "object_repr": "NewsletterRegister object (5)", "action_flag": 1, "change_message": "[{\"added\": {}}]"}}, {"model": "admin.logentry", "pk": 121, "fields": {"action_time": "2021-11-24T18:47:35.977Z", "user": 1, "content_type": 21, "object_id": "5", "object_repr": "NewsletterRegister object (5)", "action_flag": 3, "change_message": ""}}, {"model": "admin.logentry", "pk": 122, "fields": {"action_time": "2021-11-24T19:01:26.696Z", "user": 1, "content_type": 21, "object_id": "9", "object_repr": "NewsletterRegister object (9)", "action_flag": 3, "change_message": ""}}, {"model": "admin.logentry", "pk": 123, "fields": {"action_time": "2021-11-24T19:01:26.725Z", "user": 1, "content_type": 21, "object_id": "8", "object_repr": "NewsletterRegister object (8)", "action_flag": 3, "change_message": ""}}, {"model": "admin.logentry", "pk": 124, "fields": {"action_time": "2021-11-24T19:01:26.750Z", "user": 1, "content_type": 21, "object_id": "7", "object_repr": "NewsletterRegister object (7)", "action_flag": 3, "change_message": ""}}, {"model": "admin.logentry", "pk": 125, "fields": {"action_time": "2021-11-24T19:01:26.777Z", "user": 1, "content_type": 21, "object_id": "6", "object_repr": "NewsletterRegister object (6)", "action_flag": 3, "change_message": ""}}, {"model": "admin.logentry", "pk": 126, "fields": {"action_time": "2021-11-24T19:01:26.818Z", "user": 1, "content_type": 21, "object_id": "4", "object_repr": "NewsletterRegister object (4)", "action_flag": 3, "change_message": ""}}, {"model": "admin.logentry", "pk": 127, "fields": {"action_time": "2021-11-24T19:01:26.842Z", "user": 1, "content_type": 21, "object_id": "3", "object_repr": "NewsletterRegister object (3)", "action_flag": 3, "change_message": ""}}, {"model": "admin.logentry", "pk": 128, "fields": {"action_time": "2021-11-24T19:01:26.867Z", "user": 1, "content_type": 21, "object_id": "2", "object_repr": "NewsletterRegister object (2)", "action_flag": 3, "change_message": ""}}, {"model": "admin.logentry", "pk": 129, "fields": {"action_time": "2021-11-24T19:01:26.891Z", "user": 1, "content_type": 21, "object_id": "1", "object_repr": "NewsletterRegister object (1)", "action_flag": 3, "change_message": ""}}, {"model": "admin.logentry", "pk": 130, "fields": {"action_time": "2021-11-24T19:01:26.915Z", "user": 1, "content_type": 21, "object_id": "10", "object_repr": "NewsletterRegister object (10)", "action_flag": 3, "change_message": ""}}, {"model": "admin.logentry", "pk": 131, "fields": {"action_time": "2021-11-24T19:48:21.286Z", "user": 1, "content_type": 21, "object_id": "6", "object_repr": "NewsletterRegister object (6)", "action_flag": 3, "change_message": ""}}, {"model": "admin.logentry", "pk": 132, "fields": {"action_time": "2021-11-24T19:48:21.312Z", "user": 1, "content_type": 21, "object_id": "5", "object_repr": "NewsletterRegister object (5)", "action_flag": 3, "change_message": ""}}, {"model": "admin.logentry", "pk": 133, "fields": {"action_time": "2021-11-24T19:48:21.335Z", "user": 1, "content_type": 21, "object_id": "4", "object_repr": "NewsletterRegister object (4)", "action_flag": 3, "change_message": ""}}, {"model": "admin.logentry", "pk": 134, "fields": {"action_time": "2021-11-24T19:48:21.358Z", "user": 1, "content_type": 21, "object_id": "3", "object_repr": "NewsletterRegister object (3)", "action_flag": 3, "change_message": ""}}, {"model": "admin.logentry", "pk": 135, "fields": {"action_time": "2021-11-24T19:48:21.380Z", "user": 1, "content_type": 21, "object_id": "2", "object_repr": "NewsletterRegister object (2)", "action_flag": 3, "change_message": ""}}, {"model": "admin.logentry", "pk": 136, "fields": {"action_time": "2021-11-24T19:48:21.403Z", "user": 1, "content_type": 21, "object_id": "1", "object_repr": "NewsletterRegister object (1)", "action_flag": 3, "change_message": ""}}, {"model": "admin.logentry", "pk": 137, "fields": {"action_time": "2021-11-24T19:49:26.837Z", "user": 1, "content_type": 21, "object_id": "7", "object_repr": "NewsletterRegister object (7)", "action_flag": 3, "change_message": ""}}, {"model": "auth.user", "pk": 1, "fields": {"password": "pbkdf2_sha256$260000$8zS5Xfr6R3jmq4Mg2uheTl$f/rgWz1z90OpmEJRRhNmcap4FP34wblyKEmaaMNSleE=", "last_login": "2021-11-24T17:59:26.454Z", "is_superuser": true, "username": "liamcbdshield", "first_name": "", "last_name": "", "email": "liammcluckie@hotmail.co.uk", "is_staff": true, "is_active": true, "date_joined": "2021-10-16T10:42:23.143Z", "groups": [], "user_permissions": []}}, {"model": "auth.user", "pk": 2, "fields": {"password": "pbkdf2_sha256$260000$6vhPtJ9HIT1SKmmnaFAmiY$gWqM/EllljB0PYrLJbrHrX+K8GO7gCNEgN0i/YgXV3s=", "last_login": "2021-11-16T20:32:02.083Z", "is_superuser": false, "username": "testing", "first_name": "", "last_name": "", "email": "test@test.com", "is_staff": false, "is_active": true, "date_joined": "2021-11-16T20:11:19.928Z", "groups": [], "user_permissions": []}}, {"model": "auth.user", "pk": 3, "fields": {"password": "pbkdf2_sha256$260000$qWALe7NLagDjlJrhp04Br1$N+q25Hw7JA5bdDxmTx5iWRrXBAFTOneNL24S91DiwAE=", "last_login": "2021-11-20T15:59:00.219Z", "is_superuser": false, "username": "igor", "first_name": "", "last_name": "", "email": "aa@aa.aa", "is_staff": false, "is_active": true, "date_joined": "2021-11-20T15:58:10.145Z", "groups": [], "user_permissions": []}}, {"model": "auth.user", "pk": 4, "fields": {"password": "pbkdf2_sha256$260000$SmqrSHSak0XSHIUlaZZ01l$A64/c1/mYgFJ47Caz9cggQUaF7kRbF7+wHrWnTDLYJA=", "last_login": "2021-11-24T20:28:23.835Z", "is_superuser": false, "username": "rose_ansell", "first_name": "", "last_name": "", "email": "rose.ansell1@gmail.com", "is_staff": false, "is_active": true, "date_joined": "2021-11-24T20:27:58.192Z", "groups": [], "user_permissions": []}}, {"model": "auth.user", "pk": 5, "fields": {"password": "pbkdf2_sha256$260000$KuJb8gw4pBxfLirO9vamru$uVhplCYZxRP4fsJ/opmWNRkmcxxZVqvkAQEvObf/GwQ=", "last_login": "2021-11-24T20:32:10.114Z", "is_superuser": false, "username": "JasperTheDog", "first_name": "", "last_name": "", "email": "jasper@thedog.com", "is_staff": false, "is_active": true, "date_joined": "2021-11-24T20:30:43.520Z", "groups": [], "user_permissions": []}}, {"model": "sessions.session", "pk": "0u4qd3pzm65kxuf2i1j6mp5pelmp3tde", "fields": {"session_data": "e30:1mmkG3:_OaHxAq2smYN5KFF7b2WBJuRoIcNZBTvhrPyHvvdq68", "expire_date": "2021-11-29T22:15:23.155Z"}}, {"model": "sessions.session", "pk": "20yqn9vds44cdwuemfvxoi4p8sxg9w7d", "fields": {"session_data": ".eJxVjEEOwiAQAP_C2RC2Urr06N03kIVuLWrAQJtojH83JD3odWYyb-FoWxe3VS4uTmIUIA6_zFO4cWpiulK6ZBlyWkv0siVyt1We88T3097-DRaqS9sqE5TBIcyhg96iZTKABu3sNXcIxh45aBpmBZqHHhHAe-uBEEmztW1audaYk-PnI5aXGNXnC14lPnA:1mbhiu:yHJSXEMFACb049mI9SC8JCxTcIlRjeukm6GCs3N-i-k", "expire_date": "2021-10-30T11:19:32.925Z"}}, {"model": "sessions.session", "pk": "4seowxkvddxue7svwh8c89hggaok8fi1", "fields": {"session_data": ".eJxljMsOwiAQRf9l1qYpYGhh6d5vIMMwWLSCKa3RGP_dR0yMcXvOufcGHndgbyDBivsKkKgseXZnnlJMHBwfMY1g8zKOX7tUnsCCghU4XObhDVwK_8wjHTi_RNhj3pWGSp6n5JtX0nxsbbYl8Lj5tD8HA9bhue6EJlbEQhhGXBvZ-161UQkKMUpltI4URaso9kZ6QumN6nRnTB_XStP7tHKtqWTHl1OarmDb-wMhXFSW:1moSlY:M0ky8uaIvarJr4f3tT2W3dcbcftV5QBMiTgX9NpqYck", "expire_date": "2021-12-04T15:59:00.474Z"}}, {"model": "sessions.session", "pk": "7gyrbxdgbjyyx5v5jw37khkirfi6563n", "fields": {"session_data": ".eJxVjMEOwiAQRP-FsyFlC-3i0Xu_gSywSNVAUtqT8d9tkx70OPPezFs42tbstsaLm6O4CiUuv52n8ORygPigcq8y1LIus5eHIk_a5FQjv26n-3eQqeV9DYCYNPeDZuVDsB6jNnsKSInQK2vHbrSMiaMBjn0yHZAFJA2DMaEXny_kGje8:1mosGU:qPWM6fFOaMNendNn-hPveyY7bT4zk8gELK5KdxUiouc", "expire_date": "2021-12-05T19:12:38.500Z"}}, {"model": "sessions.session", "pk": "8asszue3qhil8pr5q5gfoucfsrt9nnzx", "fields": {"session_data": ".eJxVjMEOgyAQRP9lzw0RBFw89u43mAUWsW00ET0Z_72aeGiPM_Pm7dDTtuZ-K7z0Y4QWJDx-O0_hzdM1xBdNwyzCPK3L6MWFiHstopsjf543-yfIVPL5Vgoxaa6tZulDcB6jNmcKSInQS-eaqnGMiaNRHOtkKkVOIWlljQn1KfU0QLuDhVYexxcIsjtt:1mixxD:l0D4d-zUiTt6B0Zy4MOY0M73u-Pj65NjLLWLpY7TW8o", "expire_date": "2021-11-19T12:04:19.963Z"}}, {"model": "sessions.session", "pk": "eh58yvl8wlb49n0z9d8a3sa8tj8f49eo", "fields": {"session_data": "eyJiYWciOnsiMzIiOjF9fQ:1mqKWT:TXIHQT4o28B-67kAdolhi2c44CpJ2Yq2G82lwVmVqZA", "expire_date": "2021-12-09T19:35:09.670Z"}}, {"model": "sessions.session", "pk": "jy89lofdvnm2ozfi0nf3cpi7u3oxh6g0", "fields": {"session_data": ".eJxVjMEOgyAQRP-Fc0MUQRePvfsNZGEXsW00ET0Z_72YeGiPM_PmHcLhviW3Z17dRKIXtXj8dh7Dm-droBfO4yLDMm_r5OWFyHvNcliIP8-b_RMkzKm8lQKImptWc-1DsB5Im5ICYETwtbVd1VmGyGQUUxNNpdAqQK1aY0JTpB5H0R_n-QXkdzqI:1mizXh:ItfSbCFuoH3dk8WJpT0OPBql6612W0X27ixrRyU3bPw", "expire_date": "2021-11-19T13:46:05.358Z"}}, {"model": "sessions.session", "pk": "ny4ke2n3vo457rikxu4ujzaougdojr2b", "fields": {"session_data": "e30:1mmkH0:OtKdAY1e2Q6JoK39pmcCnukbbMy9v5rNw-MqjyN1bwk", "expire_date": "2021-11-29T22:16:22.220Z"}}, {"model": "sessions.session", "pk": "vgas7irmndazipq4vkqp9qcfsd6choeo", "fields": {"session_data": ".eJxVjMEOwiAQRP-FsyFlC-3i0Xu_gSywSNVAUtqT8d9tkx70OPPezFs42tbstsaLm6O4CiUuv52n8ORygPigcq8y1LIus5eHIk_a5FQjv26n-3eQqeV9DYCYNPeDZuVDsB6jNnsKSInQK2vHbrSMiaMBjn0yHZAFJA2DMaEXny_kGje8:1mpEtX:z5p38J8LVb7-sNOhcyDIR0nwZ2nu7BpQpr8PJHD2wak", "expire_date": "2021-12-06T19:22:27.067Z"}}, {"model": "sites.site", "pk": 1, "fields": {"domain": "cbdshield.example.com", "name": "CBD Shield"}}, {"model": "account.emailaddress", "pk": 1, "fields": {"user": 1, "email": "liammcluckie@hotmail.co.uk", "verified": false, "primary": false}}, {"model": "account.emailaddress", "pk": 2, "fields": {"user": 1, "email": "liammcluckie@cbdshield.co.uk", "verified": true, "primary": true}}, {"model": "account.emailaddress", "pk": 3, "fields": {"user": 2, "email": "test@test.com", "verified": true, "primary": true}}, {"model": "account.emailaddress", "pk": 4, "fields": {"user": 3, "email": "aa@aa.aa", "verified": true, "primary": true}}, {"model": "account.emailaddress", "pk": 5, "fields": {"user": 4, "email": "rose.ansell1@gmail.com", "verified": true, "primary": true}}, {"model": "account.emailaddress", "pk": 6, "fields": {"user": 5, "email": "jasper@thedog.com", "verified": true, "primary": true}}, {"model": "products.category", "pk": 1, "fields": {"name": "health", "friendly_name": "Health"}}, {"model": "products.category", "pk": 2, "fields": {"name": "beauty", "friendly_name": "Beauty"}}, {"model": "products.category", "pk": 3, "fields": {"name": "pain", "friendly_name": "Pain"}}, {"model": "products.category", "pk": 4, "fields": {"name": "relaxation", "friendly_name": "Relaxation"}}, {"model": "products.category", "pk": 5, "fields": {"name": "sport", "friendly_name": "Sport"}}, {"model": "products.category", "pk": 6, "fields": {"name": "tea_coffee", "friendly_name": "Tea & Coffee"}}, {"model": "products.product", "pk": 1, "fields": {"category": 1, "sku": "h00001", "name": "1000mg CBD Wellness Oil Tincture 30ml", "description": "The perfect mix of the most desirable chemical compounds (CBD + CBG), healthy antioxidants, and an intoxicating blend of 18 different aromatic terpenes with a sweet and citrusy finish for a beautiful balance of CBD goodness and taste.", "price": "54.99", "image": "pr-h00001.jpeg"}}, {"model": "products.product", "pk": 2, "fields": {"category": 1, "sku": "h00002", "name": "25mg CBD Immunity Booster 60ml", "description": "CBD-infused drink is an organic product with naturally sourced ingredients. The recipe contains only the highest quality full-spectrum, water-soluble CBD in order to offer maximum bioavailabilty. Produced with a variety of botanical extracts and containing 25mg of CBD.", "price": "3.60", "image": "pr-h00002.jpeg"}}, {"model": "products.product", "pk": 3, "fields": {"category": 2, "sku": "b00001", "name": "Emulsified CBD Hand Cream 1000mg, 75ml", "description": "Filled with nourishing essential oils restoring your skins natural moisture levels that will leave your skin feeling smooth, soft and sensationally supple.", "price": "15.00", "image": "pr-b00001_527TuNa.jpeg"}}, {"model": "products.product", "pk": 4, "fields": {"category": 2, "sku": "b00002", "name": "Eucalyptus CBD Lip Balm", "description": "Enhanced with high-quality CBD and natural oils to provide lavish, long-lasting moisturisation for the lips whilst also delivering the potentially-beneficial properties of CBD.", "price": "8.00", "image": "pr-b00002_JionzvO.jpeg"}}, {"model": "products.product", "pk": 5, "fields": {"category": 3, "sku": "p00001", "name": "Roll On Pain Freeze 150mg, 90ml", "description": "The preferred topical roll on gel for professional and recreational athletes. Strong enough for the most rigorous competitors yet formulated for a variety of skin types using only plant oils, extracts and ingredients.", "price": "44.00", "image": "pr-p00001.jpg"}}, {"model": "products.product", "pk": 6, "fields": {"category": 3, "sku": "p00002", "name": "850mg CBD Pain Cream, 95g", "description": "A high-dose of pure CBD gives your muscles and joints temporary relief from nagging discomfort and aches. Cooling menthol soothes tightness and soreness, relaxing muscles enough to allow the body to focus on healing.", "price": "41.00", "image": "pr-p00002.jpeg"}}, {"model": "products.product", "pk": 7, "fields": {"category": 4, "sku": "r00001", "name": "CBD Bath Bomb", "description": "Packed with a bevy of specially-formulated ingredients and all the essential oils and minerals you need to ensure your body gets a full recovery after a long day. Combined with 200mg of high-grade CBD, our bath bombs are designed for total relief from stress—both physical and mental.", "price": "6.99", "image": "pr-r00001.jpeg"}}, {"model": "products.product", "pk": 8, "fields": {"category": 4, "sku": "r00002", "name": "Calm 300mg CBD Oil Drop, 30ml", "description": "Drop the liquid under your tongue and let it settle for at least 90 seconds. Swish it in your mouth, then swallow. Then you can finally relax & enjoy naturally!", "price": "38.90", "image": "pr-r00002.jpeg"}}, {"model": "products.product", "pk": 9, "fields": {"category": 5, "sku": "s00001", "name": "Skin Patches, 15mg x 10 Patches", "description": "Helps deliver a targeted dose of CBD to a specific area. They are applied on to the skin at the affected area for a sustained slow release of 15mg of CBD.", "price": "26.00", "image": "pr-s00001.jpeg"}}, {"model": "products.product", "pk": 10, "fields": {"category": 5, "sku": "s00002", "name": "Turmeric 25mg CBD Soft Shells, 1500mg", "description": "Benefit from both the benefits of broad spectrum CBD and a combination of superfoods that are rich in a variety of beneficial compounds. You get to enjoy broad spectrum CBD and Turmeric, which is rich in antioxidants.", "price": "49.99", "image": "pr-s00002.jpeg"}}, {"model": "products.product", "pk": 11, "fields": {"category": 6, "sku": "tc00001", "name": "Tranquil CBD 250mg Tea, 75g", "description": "CBD tea combines all the soothing properties of CBD, Chamomile, Valerian, Rose Hip, Hawthorn berries & other beneficial herbs to create a therapeutic infusion that is pleasant in flavour and aroma.", "price": "16.00", "image": "pr-tc00001.jpeg"}}, {"model": "products.product", "pk": 12, "fields": {"category": 6, "sku": "tc00002", "name": "100mg CBD Infused Ground Coffee, Coarse Grind, 200g", "description": "CBD-infused, arabica coffee. Ridiculously smooth tasting and uber calming. This coffee is best used in a Cafetiere (French Press).", "price": "19.99", "image": "pr-tc00002.jpeg"}}, {"model": "products.product", "pk": 13, "fields": {"category": 1, "sku": "h00003", "name": "Gut Instinct 10% CBD Sublingual Oil, 10ml", "description": "Gut Instinct has a CBG 40%, CBD 30%, CBDA 30% ratio, which gives a diverse spectrum of properties. This ratio has been chosen to work specifically on the gastrointestinal region.", "price": "50.00", "image": "pr-h00003.jpeg"}}, {"model": "products.product", "pk": 14, "fields": {"category": 1, "sku": "h00004", "name": "Morning Capsules 900mg CBd, 60 capsules", "description": "Blending a high-potency mix of CBD and CBG, these Morning Capsules deliver the perfect blend of antioxidants, nutrients, and terpenes to keep you brimming with energy without the crash.", "price": "49.00", "image": "pr-h00004.jpeg"}}, {"model": "products.product", "pk": 15, "fields": {"category": 1, "sku": "h00005", "name": "300mg CBD Vegan Immune Booster Gummies", "description": "Vegan-friendly way to provide your immune system in a more accessible way. Each gummy contains a premium blend of Vitamins C and Vitamin B6, with Zinc and the fantastic properties of hemp extract to support you while on the go.", "price": "41.66", "image": "pr-h00005.jpeg"}}, {"model": "products.product", "pk": 16, "fields": {"category": 1, "sku": "h00006", "name": "Honey 1000mg CBD Detox Organic Herbal Spray, 10ml", "description": "Featuring a brilliant blend of organic and Indian ayurvedic herbs including cinnamon, clove, turmeric, coriander and ginger. Just a couple of drops daily will help support your detox programme and keep you on track with your weight loss goals.", "price": "39.20", "image": "pr-h00006.jpeg"}}, {"model": "products.product", "pk": 17, "fields": {"category": 2, "sku": "b00003", "name": "Coconut Body Butter, 50g", "description": "This rich, smooth body butter will keep the skin hydrated and moisturised. With the addition of 1% CBD to nourish the cutaneous endocannabinoid system.", "price": "35.00", "image": "pr-b00003.jpeg"}}, {"model": "products.product", "pk": 18, "fields": {"category": 2, "sku": "b00004", "name": "50mg CBD Night Cream, 50ml", "description": "Ideal to use skin cream every evening and should be applied to cleansed skin. It contains 50mg Full spectrum Hemp Extract and is combined with other plant extracts and well as a peptide which is clinically proven to increase skins own production of hyaluronic acid leading to fuller firmer skin in weeks.", "price": "37.20", "image": "pr-b00004.jpeg"}}, {"model": "products.product", "pk": 19, "fields": {"category": 2, "sku": "b00005", "name": "50mg CBD Rejuvenate Anti-Aging Cream", "description": "The serum is ideal for everyday use and should be applied to cleansed skin. Its light texture absorbs quickly into the skin. Avoid the eye area. This product is suitable for all Skin types and is made using 97.25% Natural Origin ingredients.", "price": "35.00", "image": "pr-b00005.jpeg"}}, {"model": "products.product", "pk": 20, "fields": {"category": 2, "sku": "b00006", "name": "15mg CBD Biodegradable Face Masks x 4", "description": "Created to sooth the skin with thanks to it’s mud like feature. The masks also contain 15 mg Full spectrum Hemp Extract and peptides that’s been clinically proven to calm the skin.", "price": "19.20", "image": "pr-b00006.jpeg"}}, {"model": "products.product", "pk": 21, "fields": {"category": 3, "sku": "p00003", "name": "Joint Rollerball Massage Oil, 15ml", "description": "Joint Massage Oil contains a warming and comforting blend of essential oils in an organic grapeseed, golden jojoba and vitamin E oil base with the addition of an organic mixed cannabinoid extract (giving 0.6% CBD) to soothe overtired muscles or uncomfortable joints.", "price": "9.50", "image": "pr-p00003.jpeg"}}, {"model": "products.product", "pk": 22, "fields": {"category": 3, "sku": "p00004", "name": "Wild Strawberry Vape Liquid 250mg", "description": "CBD e-liquid is a tantalising blend of dew-covered woodland strawberries glowing with ruby-red lustre and bursting with succulent juiciness.", "price": "8.00", "image": "pr-p00004.jpg"}}, {"model": "products.product", "pk": 23, "fields": {"category": 3, "sku": "p00005", "name": "1000mg CBD Raw Cannabis Oil Drops, 10ml", "description": "RAW CBD Oil is ‘raw’ by name, ‘raw’ by nature. Due to the type of oil, the raw extract is darker in colour and has more of an acquired taste due to its intense flavour profile.", "price": "70.00", "image": "pr-p00005.jpeg"}}, {"model": "products.product", "pk": 24, "fields": {"category": 3, "sku": "p00006", "name": "250mg CBD Muscle & Joint Balm", "description": "CBD-infused deep muscle and joint relief balm has been specifically developed to ease tired, sore and aching muscles and joints, providing effective targeted relief. Simply apply to effected area and gently rub in to enjoy the positive relief. Can be applied as and when needed.", "price": "19.90", "image": "pr-p00006.jpeg"}}, {"model": "products.product", "pk": 25, "fields": {"category": 4, "sku": "r00003", "name": "Sleep CBD Oil - Night Time Tincture", "description": "An effective sleep tincture that’s rich in CBD and further enhanced with other sleep-supporting ingredients and extracts, helping you experience deep, natural and refreshing sleep and waking refreshed and ready for the day.", "price": "45.00", "image": "pr-r00003.jpeg"}}, {"model": "products.product", "pk": 26, "fields": {"category": 4, "sku": "r00004", "name": "100mg CBD Sleep Bath Salts, 500g", "description": "Refresh and cleanse your body and mind, the soft aromas of the paired salts make this bath salt a beautifully relaxing use – paired with 100MG cannabidiol to further help the refreshing cleanse of your body and mind relaxing you and refreshing you at the same time.", "price": "10.00", "image": "pr-r00004.jpeg"}}, {"model": "products.product", "pk": 27, "fields": {"category": 4, "sku": "r00005", "name": "Coconut Oil Candle, 300g", "description": "Using a bespoke blend of organic coconut oil and rapeseed wax, each Virginutty candle is luxuriously infused with premium grade phthalate-free fragrance and essential oils.", "price": "45.00", "image": "pr-r00005.jpeg"}}, {"model": "products.product", "pk": 28, "fields": {"category": 5, "sku": "s00003", "name": "2000mg CBD Muscle Rub Balm, 100ml", "description": "Treat yourself after a hard days exercise with the cooling yet warming, soothing and calming effects of this super effective CBD Muscle Rub. Slap this onto your skin and give it a good rub in annnnd relax!", "price": "24.16", "image": "pr-s00003.jpeg"}}, {"model": "products.product", "pk": 29, "fields": {"category": 5, "sku": "s00004", "name": "1500mg CBD Pro Gummies", "description": "These tablets contain a whopping 30mg CBD per gummy and are aimed at putting sportspeople of all levels right in the recovery zone. These tabs are also great for people just requiring a higher dose of CBD, or those looking get a bit more bang for their buck.", "price": "14.56", "image": "pr-s00004.jpeg"}}, {"model": "products.product", "pk": 30, "fields": {"category": 5, "sku": "s00005", "name": "12mg CBD Pre-Workout Energy Shakes x 12", "description": "CBD shake is made to help you achieve homeostasis by regulating your body’s endocannabinoid system. This restores balance in your central nervous system and immune system. CBD has been shown to increase wakefulness and drive if administered in precise doses.", "price": "38.00", "image": "pr-s00005.jpeg"}}, {"model": "products.product", "pk": 31, "fields": {"category": 5, "sku": "s00006", "name": "600mg CBD Hemp Protein Powder, 1250g", "description": "A magnificent plant-based workout partner infused with 100% natural CBD. It tastes delicious, builds muscle and supports recovery. Hemp Protein is a great protein source for vegetarians and vegans due to its complete amino acid profile.", "price": "61.60", "image": "pr-s00006.jpg"}}, {"model": "products.product", "pk": 32, "fields": {"category": 6, "sku": "tc00003", "name": "560mg CBD Herbal Loose Leaf Tea", "description": "The most efficient & natural way to take CBD to contribute to relieving stress, anxiety, pain and improving sleep and mood in loose leaf.", "price": "12.60", "image": "pr-tc00003.jpeg"}}, {"model": "products.product", "pk": 33, "fields": {"category": 6, "sku": "tc00004", "name": "CBD Coffee Syrup - Hazelnut", "description": "Why not add a little flavour to your favourite cup of coffee with the added benefits of CBD.", "price": "14.99", "image": "pr-tc00004.jpeg"}}, {"model": "products.product", "pk": 34, "fields": {"category": 6, "sku": "tc00005", "name": "100mg CBD infused Coffee, Whole Beans, 100g", "description": "Colombian fair trade coffee infused with CBD. Perfect for all your coffee lovers! Each 7g serving size of coffee contains 7mg of CBD and there’s approximately 14 servings per 100g of coffee.", "price": "17.99", "image": "pr-tc00005.jpg"}}, {"model": "products.product", "pk": 35, "fields": {"category": 6, "sku": "tc00006", "name": "10mg CBD Lemon & Ginger Slim Tea Pyramid Bags", "description": "The blending of herbal and fruit teas has been used since ancient times to promote health, healing, and relaxation. Combined with the benefits of hemp, they offer a holistic remedy that can help reduce stress, boost energy, and aid weight loss.", "price": "15.00", "image": "pr-tc00006.jpeg"}}, {"model": "products.product", "pk": 36, "fields": {"category": 4, "sku": "r00006", "name": "50mg CBD Bubble Bath Lotion, 250ml", "description": "Revitalize and moisturise your skin with this luxury CBD infused bubble bath soak, Scented with rosemary and eucalyptus for maximum stress relief, Feel your stress melt away with this unique bubble bath soak.", "price": "11.99", "image": "pr-r00006.jpeg"}}, {"model": "checkout.order", "pk": 41, "fields": {"order_number": "EE3DD0F30DEB473A800C3D5812DB1580", "user_profile": null, "full_name": "Liam McLuckie", "email": "liammcluckie@hotmail.co.uk", "phone_number": "+447723556654", "country": "GB", "postcode": "TR8 4SQ", "town_or_city": "Nansledan, Newquay", "street_address1": "4 Gwarak Trystan", "street_address2": "Nansledan", "county": "Cornwall", "date": "2021-11-13T16:16:13.381Z", "delivery_cost": "0.36", "order_total": "3.60", "grand_total": "3.96", "original_bag": "", "stripe_pid": ""}}, {"model": "checkout.order", "pk": 42, "fields": {"order_number": "F18C74F81F654FC7900ADDF78652D57A", "user_profile": null, "full_name": "Liam McLuckie", "email": "liammcluckie@hotmail.co.uk", "phone_number": "+447723556654", "country": "GB", "postcode": "TR8 4SQ", "town_or_city": "Nansledan, Newquay", "street_address1": "4 Gwarak Trystan", "street_address2": "Nansledan", "county": "Cornwall", "date": "2021-11-13T16:18:09.154Z", "delivery_cost": "6.00", "order_total": "59.99", "grand_total": "65.99", "original_bag": "", "stripe_pid": ""}}, {"model": "checkout.order", "pk": 43, "fields": {"order_number": "95B39549E3C64D9A958080762CFA4EA0", "user_profile": null, "full_name": "Liam McLuckie", "email": "liammcluckie@hotmail.co.uk", "phone_number": "+447723556654", "country": "GB", "postcode": "TR8 4SQ", "town_or_city": "Nansledan, Newquay", "street_address1": "4 Gwarak Trystan", "street_address2": "Nansledan", "county": "Cornwall", "date": "2021-11-13T17:16:39.657Z", "delivery_cost": "3.89", "order_total": "38.90", "grand_total": "42.79", "original_bag": "{\"8\": 1}", "stripe_pid": "pi_3JvPpjDqE7q4fcik0mUaIuGX"}}, {"model": "checkout.order", "pk": 44, "fields": {"order_number": "DDB7C8FAE05B4F1FA4D6282F3145AB6C", "user_profile": null, "full_name": "Liam McLuckie", "email": "liammcluckie@hotmail.co.uk", "phone_number": "+447723556654", "country": "GB", "postcode": "TR8 4SQ", "town_or_city": "Nansledan, Newquay", "street_address1": "4 Gwarak Trystan", "street_address2": "Nansledan", "county": "Cornwall", "date": "2021-11-13T17:19:03.381Z", "delivery_cost": "4.10", "order_total": "41.00", "grand_total": "45.10", "original_bag": "{\"6\": 1}", "stripe_pid": "pi_3JvPsIDqE7q4fcik3AHfZV56"}}, {"model": "checkout.order", "pk": 45, "fields": {"order_number": "A8E3BBA2ED934DBE92FC9130BA7020B4", "user_profile": null, "full_name": "Liam McLuckie", "email": "liammcluckie@hotmail.co.uk", "phone_number": "+447723556654", "country": "GB", "postcode": "TR8 4SQ", "town_or_city": "Nansledan, Newquay", "street_address1": "4 Gwarak Trystan", "street_address2": "Nansledan", "county": "Cornwall", "date": "2021-11-13T17:20:43.080Z", "delivery_cost": "1.50", "order_total": "15.00", "grand_total": "16.50", "original_bag": "{\"3\": 1}", "stripe_pid": "pi_3JvPtvDqE7q4fcik3bewEwO6"}}, {"model": "checkout.order", "pk": 46, "fields": {"order_number": "53E3AB230D204422BC776B1A839304AF", "user_profile": null, "full_name": "Liam McLuckie", "email": "liammcluckie@hotmail.co.uk", "phone_number": "+447723556654", "country": "GB", "postcode": "TR8 4SQ", "town_or_city": "Nansledan, Newquay", "street_address1": "4 Gwarak Trystan", "street_address2": "Nansledan", "county": "Cornwall", "date": "2021-11-13T17:26:44.145Z", "delivery_cost": "0.36", "order_total": "3.60", "grand_total": "3.96", "original_bag": "{\"2\": 1}", "stripe_pid": "pi_3JvPzhDqE7q4fcik1FKC2BRY"}}, {"model": "checkout.order", "pk": 47, "fields": {"order_number": "6F64DA7382DA4B2C879511359ECDCDFC", "user_profile": null, "full_name": "Liam McLuckie", "email": "liammcluckie@hotmail.co.uk", "phone_number": "+447723556654", "country": "GB", "postcode": "TR8 4SQ", "town_or_city": "Nansledan, Newquay", "street_address1": "4 Gwarak Trystan", "street_address2": "Nansledan", "county": "Cornwall", "date": "2021-11-13T17:28:08.307Z", "delivery_cost": "5.00", "order_total": "49.99", "grand_total": "54.99", "original_bag": "{\"10\": 1}", "stripe_pid": "pi_3JvQ14DqE7q4fcik2lN0VdXT"}}, {"model": "checkout.order", "pk": 48, "fields": {"order_number": "9CE09DB434E4408CA33D6B9BD8E8FC99", "user_profile": null, "full_name": "Liam McLuckie", "email": "liammcluckie@hotmail.co.uk", "phone_number": "+447723556654", "country": "GB", "postcode": "TR8 4SQ", "town_or_city": "Nansledan, Newquay", "street_address1": "4 Gwarak Trystan", "street_address2": "Nansledan", "county": "Cornwall", "date": "2021-11-13T17:29:07.932Z", "delivery_cost": "0.36", "order_total": "3.60", "grand_total": "3.96", "original_bag": "{\"2\": 1}", "stripe_pid": "pi_3JvQ1xDqE7q4fcik0SG3rgJk"}}, {"model": "checkout.order", "pk": 49, "fields": {"order_number": "E888C7573E0944ADA393253BCBBA8360", "user_profile": null, "full_name": "Liam McLuckie", "email": "liammcluckie@hotmail.co.uk", "phone_number": "+447723556654", "country": "GB", "postcode": "TR8 4SQ", "town_or_city": "Nansledan, Newquay", "street_address1": "4 Gwarak Trystan", "street_address2": "Nansledan", "county": "Cornwall", "date": "2021-11-13T17:31:01.274Z", "delivery_cost": "4.10", "order_total": "41.00", "grand_total": "45.10", "original_bag": "{\"6\": 1}", "stripe_pid": "pi_3JvQ3uDqE7q4fcik0YJm6Pmg"}}, {"model": "checkout.order", "pk": 50, "fields": {"order_number": "E0B853AD303F4139AEAD84F18F98FBD3", "user_profile": null, "full_name": "Liam McLuckie", "email": "liammcluckie@hotmail.co.uk", "phone_number": "+447723556654", "country": "GB", "postcode": "TR8 4SQ", "town_or_city": "Nansledan, Newquay", "street_address1": "4 Gwarak Trystan", "street_address2": "Nansledan", "county": "Cornwall", "date": "2021-11-13T17:37:56.894Z", "delivery_cost": "3.89", "order_total": "38.90", "grand_total": "42.79", "original_bag": "{\"8\": 1}", "stripe_pid": "pi_3JvQAZDqE7q4fcik1WqOZsoB"}}, {"model": "checkout.order", "pk": 51, "fields": {"order_number": "0AF75D62F6AF41CBA8DD4D0C85265B4A", "user_profile": null, "full_name": "Liam McLuckie", "email": "liammcluckie@hotmail.co.uk", "phone_number": "+447723556654", "country": "GB", "postcode": "TR8 4SQ", "town_or_city": "Nansledan, Newquay", "street_address1": "4 Gwarak Trystan", "street_address2": "Nansledan", "county": "Cornwall", "date": "2021-11-13T17:39:14.687Z", "delivery_cost": "0.36", "order_total": "3.60", "grand_total": "3.96", "original_bag": "{\"2\": 1}", "stripe_pid": "pi_3JvQBpDqE7q4fcik2RziJBnh"}}, {"model": "checkout.order", "pk": 52, "fields": {"order_number": "AA396C08CE05442B81461B9D4EE9B1D1", "user_profile": null, "full_name": "Liam McLuckie", "email": "liammcluckie@hotmail.co.uk", "phone_number": "+447723556654", "country": "GB", "postcode": "TR8 4SQ", "town_or_city": "Nansledan, Newquay", "street_address1": "4 Gwarak Trystan", "street_address2": "Nansledan", "county": "Cornwall", "date": "2021-11-13T17:52:46.472Z", "delivery_cost": "4.40", "order_total": "44.00", "grand_total": "48.40", "original_bag": "{\"5\": 1}", "stripe_pid": "pi_3JvQOzDqE7q4fcik162zG2Em"}}, {"model": "checkout.order", "pk": 53, "fields": {"order_number": "66740BB1A71F4B6A81DE06376024498F", "user_profile": null, "full_name": "Liam McLuckie", "email": "liammcluckie@hotmail.co.uk", "phone_number": "+447723556654", "country": "GB", "postcode": "TR8 4SQ", "town_or_city": "Nansledan, Newquay", "street_address1": "4 Gwarak Trystan", "street_address2": "Nansledan", "county": "Cornwall", "date": "2021-11-15T21:32:35.840Z", "delivery_cost": "4.50", "order_total": "45.00", "grand_total": "49.50", "original_bag": "{\"27\": 1}", "stripe_pid": "pi_3JwCmTDqE7q4fcik26i5Ea3f"}}, {"model": "checkout.order", "pk": 54, "fields": {"order_number": "25C6569F27314CE1B9BB250C8599FCE7", "user_profile": null, "full_name": "Liam McLuckie", "email": "liammcluckie@hotmail.co.uk", "phone_number": "+447723556654", "country": "GB", "postcode": "TR8 4SQ", "town_or_city": "Nansledan, Newquay", "street_address1": "4 Gwarak Trystan", "street_address2": "Nansledan", "county": "Cornwall", "date": "2021-11-15T21:40:02.063Z", "delivery_cost": "0.36", "order_total": "3.60", "grand_total": "3.96", "original_bag": "{\"2\": 1}", "stripe_pid": "pi_3JwCteDqE7q4fcik4Ge0QjBS"}}, {"model": "checkout.order", "pk": 55, "fields": {"order_number": "7F2E914C6C0E460BAAA96A0507F5C579", "user_profile": 1, "full_name": "Liam McLuckie", "email": "liammcluckie@hotmail.co.uk", "phone_number": "+447723556654", "country": "GB", "postcode": "TR8 4SQ", "town_or_city": "Nansledan, Newquay", "street_address1": "4 Gwarak Trystan", "street_address2": "Nansledan", "county": "Cornwall", "date": "2021-11-17T18:56:52.240Z", "delivery_cost": "0.36", "order_total": "3.60", "grand_total": "3.96", "original_bag": "{\"2\": 1}", "stripe_pid": "pi_3JwtJBDqE7q4fcik2ZTfBf5P"}}, {"model": "checkout.order", "pk": 56, "fields": {"order_number": "F55CCE4468EF487B9337C710436C851E", "user_profile": 1, "full_name": "Liam McLuckie", "email": "liammcluckie@hotmail.co.uk", "phone_number": "+447723556654", "country": "GB", "postcode": "TR8 4SQ", "town_or_city": "Nansledan, Newquay", "street_address1": "4 Gwarak Trystan", "street_address2": "Nansledan", "county": "Cornwall", "date": "2021-11-17T18:59:44.260Z", "delivery_cost": "0.36", "order_total": "3.60", "grand_total": "3.96", "original_bag": "{\"2\": 1}", "stripe_pid": "pi_3JwtLxDqE7q4fcik3ghEeRqA"}}, {"model": "checkout.order", "pk": 57, "fields": {"order_number": "A712CAB7082B4167937E930ADD68FFD5", "user_profile": 1, "full_name": "Liam McLuckie", "email": "liammcluckie@hotmail.co.uk", "phone_number": "+447723556654", "country": "GB", "postcode": "TR8 4SQ", "town_or_city": "Nansledan, Newquay", "street_address1": "4 Gwarak Trystan", "street_address2": "Nansledan", "county": "Cornwall", "date": "2021-11-17T19:01:00.186Z", "delivery_cost": "0.36", "order_total": "3.60", "grand_total": "3.96", "original_bag": "{\"2\": 1}", "stripe_pid": "pi_3JwtNCDqE7q4fcik1NStzky6"}}, {"model": "checkout.order", "pk": 58, "fields": {"order_number": "3CE0749CDDA341B0B589F566DC23559F", "user_profile": 1, "full_name": "Liam McLuckie", "email": "liammcluckie@hotmail.co.uk", "phone_number": "+447723556654", "country": "GB", "postcode": "TR8 4SQ", "town_or_city": "Nansledan, Newquay", "street_address1": "4 Gwarak Trystan", "street_address2": "Nansledan", "county": "Cornwall", "date": "2021-11-17T19:06:17.532Z", "delivery_cost": "0.36", "order_total": "3.60", "grand_total": "3.96", "original_bag": "{\"2\": 1}", "stripe_pid": "pi_3JwtSADqE7q4fcik1duWVXxp"}}, {"model": "checkout.order", "pk": 59, "fields": {"order_number": "7700068BCFCA4823B15C8AAAD1240732", "user_profile": 1, "full_name": "Liam McLuckie", "email": "liammcluckie@hotmail.co.uk", "phone_number": "+447723556654", "country": "GB", "postcode": "TR8 4SQ", "town_or_city": "Nansledan, Newquay", "street_address1": "4 Gwarak Trystan", "street_address2": "Nansledan", "county": "Cornwall", "date": "2021-11-17T20:35:19.459Z", "delivery_cost": "1.86", "order_total": "18.60", "grand_total": "20.46", "original_bag": "{\"2\": 1, \"3\": 1}", "stripe_pid": "pi_3JwuqLDqE7q4fcik0NtFlfQC"}}, {"model": "checkout.order", "pk": 60, "fields": {"order_number": "A837E8DE34DF4209AA4FE7A516B2BD94", "user_profile": 1, "full_name": "Liam McLuckie", "email": "liammcluckie@hotmail.co.uk", "phone_number": "+447723556654", "country": "GB", "postcode": "TR8 4SQ", "town_or_city": "Nansledan, Newquay", "street_address1": "4 Gwarak Trystan", "street_address2": "Nansledan", "county": "Cornwall", "date": "2021-11-17T20:38:41.039Z", "delivery_cost": "0.36", "order_total": "3.60", "grand_total": "3.96", "original_bag": "{\"2\": 1}", "stripe_pid": "pi_3JwutiDqE7q4fcik219L1KBB"}}, {"model": "checkout.order", "pk": 61, "fields": {"order_number": "E4E3C8CC65E3439999FD7AEB55E176D0", "user_profile": 1, "full_name": "Liam McLuckie", "email": "liammcluckie@hotmail.co.uk", "phone_number": "+447723556654", "country": "GB", "postcode": "TR8 4SQ", "town_or_city": "Nansledan, Newquay", "street_address1": "4 Gwarak Trystan", "street_address2": "Nansledan", "county": "Cornwall", "date": "2021-11-19T12:37:12.053Z", "delivery_cost": "12.35", "order_total": "123.52", "grand_total": "135.87", "original_bag": "{\"37\": 1}", "stripe_pid": "pi_3JxWKsDqE7q4fcik0LfKRNhL"}}, {"model": "checkout.order", "pk": 62, "fields": {"order_number": "70D593CCB1F043E0837D5652B9F2AFD0", "user_profile": 1, "full_name": "Liam McLuckie", "email": "liammcluckie@hotmail.co.uk", "phone_number": "447723556654", "country": "GB", "postcode": "TR8 4SQ", "town_or_city": "Nansledan, Newquay", "street_address1": "4 Gwarak Trystan", "street_address2": "Nansledan", "county": "Cornwall", "date": "2021-11-24T20:26:46.042Z", "delivery_cost": "5.50", "order_total": "54.99", "grand_total": "60.49", "original_bag": "{\"1\": 1}", "stripe_pid": "pi_3JzS2iDqE7q4fcik3SvbMJye"}}, {"model": "checkout.orderlineitem", "pk": 39, "fields": {"order": 41, "product": 2, "quantity": 1, "lineitem_total": "3.60"}}, {"model": "checkout.orderlineitem", "pk": 40, "fields": {"order": 42, "product": 1, "quantity": 1, "lineitem_total": "59.99"}}, {"model": "checkout.orderlineitem", "pk": 41, "fields": {"order": 43, "product": 8, "quantity": 1, "lineitem_total": "38.90"}}, {"model": "checkout.orderlineitem", "pk": 42, "fields": {"order": 44, "product": 6, "quantity": 1, "lineitem_total": "41.00"}}, {"model": "checkout.orderlineitem", "pk": 43, "fields": {"order": 45, "product": 3, "quantity": 1, "lineitem_total": "15.00"}}, {"model": "checkout.orderlineitem", "pk": 44, "fields": {"order": 46, "product": 2, "quantity": 1, "lineitem_total": "3.60"}}, {"model": "checkout.orderlineitem", "pk": 45, "fields": {"order": 47, "product": 10, "quantity": 1, "lineitem_total": "49.99"}}, {"model": "checkout.orderlineitem", "pk": 46, "fields": {"order": 48, "product": 2, "quantity": 1, "lineitem_total": "3.60"}}, {"model": "checkout.orderlineitem", "pk": 47, "fields": {"order": 49, "product": 6, "quantity": 1, "lineitem_total": "41.00"}}, {"model": "checkout.orderlineitem", "pk": 48, "fields": {"order": 50, "product": 8, "quantity": 1, "lineitem_total": "38.90"}}, {"model": "checkout.orderlineitem", "pk": 49, "fields": {"order": 51, "product": 2, "quantity": 1, "lineitem_total": "3.60"}}, {"model": "checkout.orderlineitem", "pk": 50, "fields": {"order": 52, "product": 5, "quantity": 1, "lineitem_total": "44.00"}}, {"model": "checkout.orderlineitem", "pk": 51, "fields": {"order": 53, "product": 27, "quantity": 1, "lineitem_total": "45.00"}}, {"model": "checkout.orderlineitem", "pk": 52, "fields": {"order": 54, "product": 2, "quantity": 1, "lineitem_total": "3.60"}}, {"model": "checkout.orderlineitem", "pk": 53, "fields": {"order": 55, "product": 2, "quantity": 1, "lineitem_total": "3.60"}}, {"model": "checkout.orderlineitem", "pk": 54, "fields": {"order": 56, "product": 2, "quantity": 1, "lineitem_total": "3.60"}}, {"model": "checkout.orderlineitem", "pk": 55, "fields": {"order": 57, "product": 2, "quantity": 1, "lineitem_total": "3.60"}}, {"model": "checkout.orderlineitem", "pk": 56, "fields": {"order": 58, "product": 2, "quantity": 1, "lineitem_total": "3.60"}}, {"model": "checkout.orderlineitem", "pk": 57, "fields": {"order": 59, "product": 2, "quantity": 1, "lineitem_total": "3.60"}}, {"model": "checkout.orderlineitem", "pk": 58, "fields": {"order": 59, "product": 3, "quantity": 1, "lineitem_total": "15.00"}}, {"model": "checkout.orderlineitem", "pk": 59, "fields": {"order": 60, "product": 2, "quantity": 1, "lineitem_total": "3.60"}}, {"model": "checkout.orderlineitem", "pk": 61, "fields": {"order": 62, "product": 1, "quantity": 1, "lineitem_total": "54.99"}}, {"model": "profiles.userprofile", "pk": 1, "fields": {"user": 1, "default_phone_number": "447723556654", "default_street_address1": "4 Gwarak Trystan", "default_street_address2": "Nansledan", "default_town_or_city": "Nansledan, Newquay", "default_postcode": "TR8 4SQ", "default_county": "Cornwall", "default_country": "GB"}}, {"model": "profiles.userprofile", "pk": 2, "fields": {"user": 2, "default_phone_number": "+447723556654", "default_street_address1": "4 Gwarak Trystan", "default_street_address2": "Nansledan", "default_town_or_city": "Nansledan, Newquay", "default_postcode": "TR8 4St", "default_county": "Cornwall", "default_country": "GB"}}, {"model": "profiles.userprofile", "pk": 3, "fields": {"user": 3, "default_phone_number": null, "default_street_address1": null, "default_street_address2": null, "default_town_or_city": null, "default_postcode": null, "default_county": null, "default_country": null}}, {"model": "profiles.userprofile", "pk": 4, "fields": {"user": 4, "default_phone_number": null, "default_street_address1": null, "default_street_address2": null, "default_town_or_city": null, "default_postcode": null, "default_county": null, "default_country": null}}, {"model": "profiles.userprofile", "pk": 5, "fields": {"user": 5, "default_phone_number": null, "default_street_address1": null, "default_street_address2": null, "default_town_or_city": null, "default_postcode": null, "default_county": null, "default_country": null}}, {"model": "reviews.productreview", "pk": 15, "fields": {"product": 1, "user": 1, "content": "What a great product! Highly recommend!", "stars": 5, "date_added": "2021-11-21T13:40:06.445Z"}}, {"model": "reviews.productreview", "pk": 16, "fields": {"product": 17, "user": 1, "content": "wdww", "stars": 5, "date_added": "2021-11-21T15:13:10.625Z"}}, {"model": "reviews.productreview", "pk": 17, "fields": {"product": 2, "user": 4, "content": "I struggle with getting ill and having low immunity but since taking this daily I feel so much stronger and healthier! Great customer service from CBD Shield!", "stars": 5, "date_added": "2021-11-24T20:29:27.033Z"}}, {"model": "reviews.productreview", "pk": 18, "fields": {"product": 3, "user": 5, "content": "My paws have never felt so soft! Thanks CBD Shield.", "stars": 5, "date_added": "2021-11-24T20:32:34.690Z"}}, {"model": "blog.blogpost", "pk": 5, "fields": {"title": "CBD, How Helpful Is It For Improving Sleep And/Or Anxiety?", "image": "bruce-mars-wBuPCQiweuA-unsplash.jpg", "text": "A good night’s sleep is essential to your overall health and wellbeing. Experts recommend adults sleep seven to nine hours each night. Proper sleep ensures you feel well-rested and have energy for the next day. A good night’s rest also contributes to memory formation, helps grow and repair muscle and tissue, and prevents sickness.\r\n\r\nUnfortunately, falling asleep or staying asleep can be difficult for certain types of sleepers. As many as 70% of people report not sleeping the recommended hours, and nearly one-third of British workers sleep less than six hours per night. Solutions for better sleep and avoiding sleep debt vary. Possible approaches include improved sleep hygiene, prescription sleep aids, and natural sleep aids.\r\n\r\nOne increasingly popular strategy for sleeping better is taking cannabidiol (CBD), a derivative of cannabis. CBD is commonly used to improve sleep and decrease anxiety.\r\n\r\nResearch shows that CBD has a calming effect on the nervous system. CBD can also alter mood because it affects the serotonin system. Outcomes vary among people and depend on the product type and dose.\r\n\r\nUnlike THC, CBD does not induce a feeling of being “high.” Even large doses of CBD do not produce THC-like effects. Additionally, a few studies have demonstrated that CBD reduces the psychoactive effects of THC.\r\n\r\nResearch on the effects CBD has on sleep disorders is still preliminary. Some people who use CBD for chronic pain report sleeping better. Currently, it is unclear whether these patients sleep better because of the pain relief or because CBD directly affects their sleep.\r\n\r\nOther initial studies of CBD and sleep disorders suggest positive outcomes. However, not everyone experiences the same sleep benefits with CBD use, and different doses might lead to different effects. Research suggests that low doses of CBD are stimulating, while high doses of CBD are sedating. Discrepancies in experience can also be attributed to the method of CBD administration and dose. Additional research is needed to deepen our understanding of CBD as an intervention for sleep disorders.", "description": "This study aimed to determine whether CBD is helpful for improving sleep and/or anxiety in a clinical population.", "published": true, "created": "2021-11-21T16:54:19.551Z", "modified": "2021-11-21T18:24:33.788Z", "pub_date": "2021-11-21T16:54:07Z"}}, {"model": "blog.blogpost", "pk": 6, "fields": {"title": "7 Benefits And Uses Of CBD Oil (Plus Side Effects)", "image": "crystalweed-cannabis-sEWqMCemlVA-unsplash.jpg", "text": "1. Relieving Pain -\r\n\r\nMarijuana has been used to treat pain as far back as 2900 B.C.\r\n\r\nMore recently, scientists have discovered that certain components of marijuana, including CBD, are responsible for its pain-relieving effects.\r\n\r\nThe human body contains a specialized system called the endocannabinoid system (ECS), which is involved in regulating a variety of functions including sleep, appetite, pain and immune system response.\r\n\r\nThe body produces endocannabinoids, which are neurotransmitters that bind to cannabinoid receptors in your nervous system.\r\n\r\nStudies have shown that CBD may help reduce chronic pain by impacting endocannabinoid receptor activity, reducing inflammation and interacting with neurotransmitters.\r\n\r\nFor example, one study in rats found that CBD injections reduced pain response to surgical incision, while another rat study found that oral CBD treatment significantly reduced sciatic nerve pain and inflammation.\r\n\r\nSeveral human studies have found that a combination of CBD and THC is effective in treating pain related to multiple sclerosis and arthritis.\r\n\r\nAn oral spray called Sativex, which is a combination of THC and CBD, is approved in several countries to treat pain related to multiple sclerosis.\r\n\r\nOne study of 47 people with multiple sclerosis examined the effects of taking Sativex for one month. The participants experienced improvements in pain, walking, and muscle spasms. Still, the study didn’t include any control group and placebo effects cannot be ruled out.\r\n\r\nAnother study found that Sativex significantly improved pain during movement, pain at rest and sleep quality in 58 people with rheumatoid arthritis.\r\n\r\n2. Alleviate Cancel-Related Symptoms -\r\n\r\nCBD may help reduce symptoms related to cancer and side effects related to cancer treatment, like nausea, vomiting and pain.\r\n\r\nOne study looked at the effects of CBD and THC in 177 people with cancer-related pain who did not experience relief from pain medication.\r\n\r\nThose treated with an extract containing both compounds experienced a significant reduction in pain compared to those who received only THC extract.\r\n\r\nCBD may also help reduce chemotherapy-induced nausea and vomiting, which are among the most common chemotherapy-related side effects for those with cancer.\r\n\r\nThough there are drugs that help with these distressing symptoms, they are sometimes ineffective, leading some people to seek alternatives.\r\n\r\nA study of 16 people undergoing chemotherapy found that a one-to-one combination of CBD and THC administered via mouth spray reduced chemotherapy-related nausea and vomiting better than standard treatment alone.\r\n\r\nSome test-tube and animal studies have even shown that CBD may have anticancer properties. For example, one test-tube study found that concentrated CBD induced cell death in human breast cancer cells.\r\n\r\nAnother study showed that CBD inhibited the spread of aggressive breast cancer cells in mice.\r\n\r\nHowever, these are test-tube and animal studies, so they can only suggest what might work in people. More studies in humans are needed before conclusions can be made.", "description": "Cannabidiol is a popular natural remedy used for many common ailments. Better known as CBD, it is one of over 100 chemical compounds known as cannabinoids found in the cannabis or marijuana plant, Cannabis sativa.", "published": true, "created": "2021-11-21T19:04:47.066Z", "modified": "2021-11-21T19:04:47.067Z", "pub_date": "2021-11-22T19:01:18Z"}}, {"model": "blog.blogpost", "pk": 7, "fields": {"title": "CBD For Arthritis Pain: What You Should Know", "image": "towfiqu-barbhuiya-3AsiVDsZnHg-unsplash_1.jpg", "text": "What is CBD? - \r\n\r\nCBD, short for cannabidiol, is an active compound found in the cannabis plant. CBD is not intoxicating but may cause some drowsiness. The CBD in most products is extracted from hemp, a variety of cannabis that has only traces (up to 0.3%) of THC, the active compound that gets people high.\r\n\r\nDoes CBD work for arthritis? - \r\n\r\nAnimal studies have suggested that CBD has pain-relieving and anti-inflammatory properties, but these effects have not been validated in quality studies in humans. Anecdotally, some people with arthritis who have tried CBD, but not all, report noticeable pain relief, sleep improvement and/or anxiety reduction.\r\n\r\nIs CBD safe to use? - \r\n\r\nResearch evaluating the safety of CBD is underway. At this point very little is known. So far, no serious safety concerns have been associated with moderate doses. CBD is thought to have the potential to interact with some drugs commonly taken by people with arthritis. Talk to your doctor before trying CBD if you take any of the following: corticosteroids (such as prednisone), tofacitinib (Xeljanz), naproxen (Aleve), celecoxib (Celebrex), tramadol (Ultram), certain antidepressants, including amitriptyline (Elavil), citalopram (Celexa), fluoxetine (Prozac), mirtazapine (Remeron), paroxetine (Paxil), sertraline (Zoloft), and certain medications for fibromyalgia, including gabapentin (Neurontin) and pregabalin (Lyrica).\r\n\r\nShould I give CBD a try? -\r\n\r\nWithout quality clinical studies on CBD and arthritis, doctors have not been able to say who might benefit from CBD, at what dose and in which form, who likely won’t benefit and who should avoid it. Still, there is agreement on several points:\r\n\r\nCBD is not a substitute for disease-modifying treatment for inflammatory arthritis.\r\n\r\nPatients who are interested in trying CBD should first talk to the health care provider who treats their arthritis before trying CBD. Together, they can review what has worked or not worked in the past, whether there are other options to try first, how to do a trial run, what to watch for and when to return for a follow-up visit to evaluate the results. Keep a symptom and dose diary to track effects.\r\n\r\nQuality CBD products can be expensive, especially when used for prolonged periods. To avoid wasting money, be completely sure that the product is truly having a positive effect on symptoms.\r\n\r\nWhat type of product should I consider? - \r\n\r\nCBD-based products can be taken orally, applied to the skin or inhaled. There are pros and cons for each.\r\n\r\nBy mouth - CBD that is swallowed, whether in capsules, food or liquid, is absorbed through the digestive tract. Absorption is slow and dosing is tricky due to the delayed onset of effect (one to two hours), unknown effects of stomach acids, recent meals and other factors.\r\n\r\nCapsules can work for daily use after a safe, effective capsule dose has been established. Experts discourage taking CBD via edibles, like gummies and cookies, because dosing is unreliable, and they are appealing to children but do not come in childproof containers. Like any medicine, edibles should be secured out of sight and reach of children.\r\n\r\nCBD can also be absorbed directly into the bloodstream by holding liquid from a spray or tincture (a liquid dosed by a dropper) under the tongue (sublingual) for 60 to 120 seconds. The taste may not be pleasant. Effects may be felt within 15 to 45 minutes.\r\n\r\nOn the skin - Topical products, like lotions and balms, are applied to the skin over a painful joint. Whether these products deliver CBD below the skin is unknown. Topical products may also include common over-the-counter ingredients such as menthol, capsaicin or camphor, making it difficult to determine if a positive effect is due to the CBD or another ingredient.\r\n\r\nInhaled - CBD can be inhaled via a vaporizing, or vape, pen. However, inhalation of vapor oils and chemical byproducts carry unknown risks, particularly for people with inflammatory arthritis. For this reason and because the Centers for Disease Control and Prevention is investigating vaping in association with widespread hospitalizations and deaths from severe pulmonary disease, vaping is not recommended.\r\n\r\nHow much CBD should I use? - \r\n\r\nWhile there are no established clinical guidelines, the medical experts consulted by the Arthritis Foundation recommend the following for adults:\r\n\r\nWhen preparing to take a liquid form, be aware that the CBD extract is mixed with a carrier oil, so there are two measures to know: the amount of the liquid product to take (the dose) and the amount of CBD in each dose.\r\n\r\nGo low and slow. Start with just a few milligrams of CBD in sublingual form twice a day. If relief is inadequate after one week, increase the dose by that same amount. If needed, go up in small increments over several weeks. If you find relief, continue taking that dose twice daily to maintain a stable level of CBD in the blood.\r\n\r\nIf CBD alone doesn’t work and you are in a state where medical or recreational marijuana is legal, talk to your doctor about taking CBD with a very low-dose THC product. Be aware that THC, even at low levels, may get you high, creating cognitive, motor and balance issues. Try THC-containing products at home or at night first, so you can sleep off any unwanted effects.\r\n\r\nAfter several weeks, if you don’t find relief with CBD alone or with a combination of CBD and very low THC, CBD may not be right for you.\r\n\r\nIf you experience any unwanted side effects when using a CBD product, immediately discontinue use and inform your doctor.", "description": "Learn what the science says about the risks and benefits of CBD use for arthritis and what to shop for.", "published": true, "created": "2021-11-21T19:12:38.293Z", "modified": "2021-11-21T19:12:38.293Z", "pub_date": "2021-11-19T19:12:34Z"}}, {"model": "faq.faq", "pk": 1, "fields": {"question": "What is CBD?", "answer": "CBD stands for Cannabidiol and is a phytocannabinoid molecule found with no psychoactive properties in the hemp plant.", "item_id_number": "One"}}, {"model": "faq.faq", "pk": 2, "fields": {"question": "What is it used for and does it work?", "answer": "CBD is commonly used to address anxiety, and for patients who suffer through the misery of insomnia, studies suggest that CBD may help with both falling asleep and staying asleep. CBD may offer an option for treating different types of chronic pain. A study from the European Journal of Pain showed CBD applied on the skin could help lower pain and inflammation due to arthritis. Another study demonstrated the mechanism by which CBD inhibits inflammatory and neuropathic pain, two of the most difficult types of chronic pain to treat.", "item_id_number": "Two"}}, {"model": "faq.faq", "pk": 3, "fields": {"question": "Do CBD Shield products contain THC?", "answer": "No. There is zero THC in CBD Shield products which allow professional athletes, members of the armed forces or police to rest assured that Enys products only contain CBD and no other cannabinoids.", "item_id_number": "Three"}}, {"model": "faq.faq", "pk": 4, "fields": {"question": "Which strength of CBD should I start with?", "answer": "Start with a small dosage of CBD and increase slowly until you reach your desired effect. Your ideal dosage of CBD depends on a lot of factors, like your body weight, body chemistry, the condition you’re treating, and the concentration of CBD in the product you’re using. If you're in doubt, start with the weakest strength and build from there.", "item_id_number": "Four"}}, {"model": "faq.faq", "pk": 5, "fields": {"question": "Where does your CBD come from?", "answer": "The raw materials used in our products come from pre-qualified cultivation partners that uphold the highest standards in their farming practices in the United States and mainly come from Colorado and Oregon.", "item_id_number": "Five"}}, {"model": "faq.faq", "pk": 6, "fields": {"question": "Is it legal?", "answer": "Yes 100% CBD Shield products are fully compliant with the Food Standards Agency (FSA) and have a novel foods license as required by all CBD products sold in the UK.", "item_id_number": "Six"}}]